trial_id,config_id,k_margin,base_accuracy,steps,voting_correct,single_correct,total_samples,converged,elapsed_ms
0,k1_live,1,0,1,true,true,1,true,1635
1,k1_live,1,0,1,true,true,1,true,1437
2,k1_live,1,0,1,true,true,1,true,1534
3,k1_live,1,0,1,true,true,1,true,1401
4,k1_live,1,0,1,true,true,1,true,1505
5,k1_live,1,0,1,true,true,1,true,2046
6,k1_live,1,0,1,true,true,1,true,6452
7,k1_live,1,0,1,true,true,1,true,2067
8,k1_live,1,0,1,true,true,1,true,2160
9,k1_live,1,0,1,true,true,1,true,1487
10,k1_live,1,0,1,true,true,1,true,1830
11,k1_live,1,0,1,true,true,1,true,1687
12,k1_live,1,0,1,true,true,1,true,1757
13,k1_live,1,0,1,true,true,1,true,1638
14,k1_live,1,0,1,true,true,1,true,1998
15,k1_live,1,0,1,true,true,1,true,1593
16,k1_live,1,0,1,true,true,1,true,3572
17,k1_live,1,0,1,true,true,1,true,1851
18,k1_live,1,0,1,true,true,1,true,1767
19,k1_live,1,0,1,true,true,1,true,2153
20,k1_live,1,0,1,true,true,1,true,1765
21,k1_live,1,0,1,true,true,1,true,1740
22,k1_live,1,0,1,true,true,1,true,3604
23,k1_live,1,0,1,true,true,1,true,2251
24,k1_live,1,0,1,true,true,1,true,6180
25,k1_live,1,0,1,true,true,1,true,1656
26,k1_live,1,0,1,true,true,1,true,1505
27,k1_live,1,0,1,true,true,1,true,1955
28,k1_live,1,0,1,true,true,1,true,1948
29,k1_live,1,0,1,true,true,1,true,2397
30,k1_live,1,0,1,true,true,1,true,2239
31,k1_live,1,0,1,true,true,1,true,1651
32,k1_live,1,0,1,true,true,1,true,1850
33,k1_live,1,0,1,true,true,1,true,2736
34,k1_live,1,0,1,true,true,1,true,2661
35,k1_live,1,0,1,true,true,1,true,3852
36,k1_live,1,0,1,true,true,1,true,2151
37,k1_live,1,0,1,true,true,1,true,2922
38,k1_live,1,0,1,true,true,1,true,1388
39,k1_live,1,0,1,true,true,1,true,1680
40,k1_live,1,0,1,true,true,1,true,2450
41,k1_live,1,0,1,true,true,1,true,2242
42,k1_live,1,0,1,true,true,1,true,3078
43,k1_live,1,0,1,true,true,1,true,1988
44,k1_live,1,0,1,true,true,1,true,1851
45,k1_live,1,0,1,true,true,1,true,1881
46,k1_live,1,0,1,true,true,1,true,3745
47,k1_live,1,0,1,true,true,1,true,2053
48,k1_live,1,0,1,true,true,1,true,6142
49,k1_live,1,0,1,true,true,1,true,2849
50,k1_live,1,0,1,true,true,1,true,3619
51,k1_live,1,0,1,true,true,1,true,2559
52,k1_live,1,0,1,true,true,1,true,2452
53,k1_live,1,0,1,true,true,1,true,1945
54,k1_live,1,0,1,true,true,1,true,2184
55,k1_live,1,0,1,true,true,1,true,1650
56,k1_live,1,0,1,true,true,1,true,2264
57,k1_live,1,0,1,true,true,1,true,1711
58,k1_live,1,0,1,true,true,1,true,4249
59,k1_live,1,0,1,true,true,1,true,1984
60,k1_live,1,0,1,true,true,1,true,1681
61,k1_live,1,0,1,true,true,1,true,1788
62,k1_live,1,0,1,true,true,1,true,1611
63,k1_live,1,0,1,true,true,1,true,1695
64,k1_live,1,0,1,true,true,1,true,2282
65,k1_live,1,0,1,true,true,1,true,2042
66,k1_live,1,0,1,true,true,1,true,1946
67,k1_live,1,0,1,true,true,1,true,1810
68,k1_live,1,0,1,true,true,1,true,1603
69,k1_live,1,0,1,true,true,1,true,1518
70,k1_live,1,0,1,true,true,1,true,3280
71,k1_live,1,0,1,true,true,1,true,1927
72,k1_live,1,0,1,true,true,1,true,1615
73,k1_live,1,0,1,true,true,1,true,1381
74,k1_live,1,0,1,true,true,1,true,1738
75,k1_live,1,0,1,true,true,1,true,1778
76,k1_live,1,0,1,true,true,1,true,1825
77,k1_live,1,0,1,true,true,1,true,2716
78,k1_live,1,0,1,true,true,1,true,2409
79,k1_live,1,0,1,true,true,1,true,2270
80,k1_live,1,0,1,true,true,1,true,1821
81,k1_live,1,0,1,true,true,1,true,1523
82,k1_live,1,0,1,true,true,1,true,1898
83,k1_live,1,0,1,true,true,1,true,2570
84,k1_live,1,0,1,true,true,1,true,1941
85,k1_live,1,0,1,true,true,1,true,1766
86,k1_live,1,0,1,true,true,1,true,2039
87,k1_live,1,0,1,true,true,1,true,1702
88,k1_live,1,0,1,true,true,1,true,1985
89,k1_live,1,0,1,true,true,1,true,1585
90,k1_live,1,0,1,true,true,1,true,1600
91,k1_live,1,0,1,true,true,1,true,2316
92,k1_live,1,0,1,true,true,1,true,2081
93,k1_live,1,0,1,true,true,1,true,1727
94,k1_live,1,0,1,true,true,1,true,2586
95,k1_live,1,0,1,true,true,1,true,1414
96,k1_live,1,0,1,true,true,1,true,1752
97,k1_live,1,0,1,true,true,1,true,3236
98,k1_live,1,0,1,true,true,1,true,1378
99,k1_live,1,0,1,true,true,1,true,2339
100,k1_live,1,0,1,true,true,1,true,1754
101,k1_live,1,0,1,true,true,1,true,2672
102,k1_live,1,0,1,true,true,1,true,1434
103,k1_live,1,0,1,true,true,1,true,1957
104,k1_live,1,0,1,true,true,1,true,1585
105,k1_live,1,0,1,true,true,1,true,2453
106,k1_live,1,0,1,true,true,1,true,1742
107,k1_live,1,0,1,true,true,1,true,1636
108,k1_live,1,0,1,true,true,1,true,3088
109,k1_live,1,0,1,true,true,1,true,2221
110,k1_live,1,0,1,true,true,1,true,1472
111,k1_live,1,0,1,true,true,1,true,1511
112,k1_live,1,0,1,true,true,1,true,3277
113,k1_live,1,0,1,true,true,1,true,2967
114,k1_live,1,0,1,true,true,1,true,1703
115,k1_live,1,0,1,true,true,1,true,2148
116,k1_live,1,0,1,true,true,1,true,1641
117,k1_live,1,0,1,true,true,1,true,2221
118,k1_live,1,0,1,true,true,1,true,2424
119,k1_live,1,0,1,true,true,1,true,2182
120,k1_live,1,0,1,true,true,1,true,4319
121,k1_live,1,0,1,true,true,1,true,1652
122,k1_live,1,0,1,true,true,1,true,1595
123,k1_live,1,0,1,true,true,1,true,2085
124,k1_live,1,0,1,true,true,1,true,1572
125,k1_live,1,0,1,true,true,1,true,2183
126,k1_live,1,0,1,true,true,1,true,1939
127,k1_live,1,0,1,true,true,1,true,2248
128,k1_live,1,0,1,true,true,1,true,1716
129,k1_live,1,0,1,true,true,1,true,1641
130,k1_live,1,0,1,true,true,1,true,3942
131,k1_live,1,0,1,true,true,1,true,1749
132,k1_live,1,0,1,true,true,1,true,1381
133,k1_live,1,0,1,true,true,1,true,1697
134,k1_live,1,0,1,true,true,1,true,1753
135,k1_live,1,0,1,true,true,1,true,3057
136,k1_live,1,0,1,true,true,1,true,1875
137,k1_live,1,0,1,true,true,1,true,1851
138,k1_live,1,0,1,true,true,1,true,1377
139,k1_live,1,0,1,true,true,1,true,1818
140,k1_live,1,0,1,true,true,1,true,1523
141,k1_live,1,0,1,true,true,1,true,1786
142,k1_live,1,0,1,true,true,1,true,1917
143,k1_live,1,0,1,true,true,1,true,3371
144,k1_live,1,0,1,true,true,1,true,1591
145,k1_live,1,0,1,true,true,1,true,1620
146,k1_live,1,0,1,true,true,1,true,1379
147,k1_live,1,0,1,true,true,1,true,1685
148,k1_live,1,0,1,true,true,1,true,1841
149,k1_live,1,0,1,true,true,1,true,2160
150,k1_live,1,0,1,true,true,1,true,2315
151,k1_live,1,0,1,true,true,1,true,1654
152,k1_live,1,0,1,true,true,1,true,1400
153,k1_live,1,0,1,true,true,1,true,1749
154,k1_live,1,0,1,true,true,1,true,1569
155,k1_live,1,0,1,true,true,1,true,1672
156,k1_live,1,0,1,true,true,1,true,1693
157,k1_live,1,0,1,true,true,1,true,1266
158,k1_live,1,0,1,true,true,1,true,1278
159,k1_live,1,0,1,true,true,1,true,1747
160,k1_live,1,0,1,true,true,1,true,1510
161,k1_live,1,0,1,true,true,1,true,1734
162,k1_live,1,0,1,true,true,1,true,1923
163,k1_live,1,0,1,true,true,1,true,2042
164,k1_live,1,0,1,true,true,1,true,2532
165,k1_live,1,0,1,true,true,1,true,1770
166,k1_live,1,0,1,true,true,1,true,2078
167,k1_live,1,0,1,true,true,1,true,1561
168,k1_live,1,0,1,true,true,1,true,1554
169,k1_live,1,0,1,true,true,1,true,1753
170,k1_live,1,0,1,true,true,1,true,1669
171,k1_live,1,0,1,true,true,1,true,1784
172,k1_live,1,0,1,true,true,1,true,2091
173,k1_live,1,0,1,true,true,1,true,1983
174,k1_live,1,0,1,true,true,1,true,2314
175,k1_live,1,0,1,true,true,1,true,1942
176,k1_live,1,0,1,true,true,1,true,2370
177,k1_live,1,0,1,true,true,1,true,3719
178,k1_live,1,0,1,true,true,1,true,1974
179,k1_live,1,0,1,true,true,1,true,2426
180,k1_live,1,0,1,true,true,1,true,1639
181,k1_live,1,0,1,true,true,1,true,2016
182,k1_live,1,0,1,true,true,1,true,1589
183,k1_live,1,0,1,true,true,1,true,1353
184,k1_live,1,0,1,true,true,1,true,2002
185,k1_live,1,0,1,true,true,1,true,1878
186,k1_live,1,0,1,true,true,1,true,2036
187,k1_live,1,0,1,true,true,1,true,1717
188,k1_live,1,0,1,true,true,1,true,2370
189,k1_live,1,0,1,true,true,1,true,2236
190,k1_live,1,0,1,true,true,1,true,2388
191,k1_live,1,0,1,true,true,1,true,1970
192,k1_live,1,0,1,true,true,1,true,1628
193,k1_live,1,0,1,true,true,1,true,1969
194,k1_live,1,0,1,true,true,1,true,1565
195,k1_live,1,0,1,true,true,1,true,1512
196,k1_live,1,0,1,true,true,1,true,1549
197,k1_live,1,0,1,true,true,1,true,1883
198,k1_live,1,0,1,true,true,1,true,3742
199,k1_live,1,0,1,true,true,1,true,1700
200,k1_live,1,0,1,true,true,1,true,1417
201,k1_live,1,0,1,true,true,1,true,1611
202,k1_live,1,0,1,true,true,1,true,3630
203,k1_live,1,0,1,true,true,1,true,1614
204,k1_live,1,0,1,true,true,1,true,1515
205,k1_live,1,0,1,true,true,1,true,1639
206,k1_live,1,0,1,true,true,1,true,1517
207,k1_live,1,0,1,true,true,1,true,1374
208,k1_live,1,0,1,true,true,1,true,1616
209,k1_live,1,0,1,true,true,1,true,2125
210,k1_live,1,0,1,true,true,1,true,2030
211,k1_live,1,0,1,true,true,1,true,1811
212,k1_live,1,0,1,true,true,1,true,2734
213,k1_live,1,0,1,true,true,1,true,1940
214,k1_live,1,0,1,true,true,1,true,1849
215,k1_live,1,0,1,true,true,1,true,3342
216,k1_live,1,0,1,true,true,1,true,1062
217,k1_live,1,0,1,true,true,1,true,1760
218,k1_live,1,0,1,true,true,1,true,1611
219,k1_live,1,0,1,true,true,1,true,1657
220,k1_live,1,0,1,true,true,1,true,3738
221,k1_live,1,0,1,true,true,1,true,1879
222,k1_live,1,0,1,true,true,1,true,1744
223,k1_live,1,0,1,true,true,1,true,2074
224,k1_live,1,0,1,true,true,1,true,1946
225,k1_live,1,0,1,true,true,1,true,1550
226,k1_live,1,0,1,true,true,1,true,1886
227,k1_live,1,0,1,true,true,1,true,2016
228,k1_live,1,0,1,true,true,1,true,2362
229,k1_live,1,0,1,true,true,1,true,2462
230,k1_live,1,0,1,true,true,1,true,1742
231,k1_live,1,0,1,true,true,1,true,1607
232,k1_live,1,0,1,true,true,1,true,1798
233,k1_live,1,0,1,true,true,1,true,1631
234,k1_live,1,0,1,true,true,1,true,2082
235,k1_live,1,0,1,true,true,1,true,1888
236,k1_live,1,0,1,true,true,1,true,2384
237,k1_live,1,0,1,true,true,1,true,1536
238,k1_live,1,0,1,true,true,1,true,2041
239,k1_live,1,0,1,true,true,1,true,2146
0,k2_live,2,0,1,true,true,2,true,3671
1,k2_live,2,0,1,true,true,2,true,3258
2,k2_live,2,0,1,true,true,2,true,3133
3,k2_live,2,0,1,true,true,2,true,3140
4,k2_live,2,0,1,true,true,2,true,3282
5,k2_live,2,0,1,true,true,2,true,4667
6,k2_live,2,0,1,true,true,2,true,3790
7,k2_live,2,0,1,true,true,2,true,4034
8,k2_live,2,0,1,true,true,2,true,3206
9,k2_live,2,0,1,true,true,2,true,2878
10,k2_live,2,0,1,true,true,2,true,3069
11,k2_live,2,0,1,true,true,2,true,3285
12,k2_live,2,0,1,true,true,2,true,4206
13,k2_live,2,0,1,true,true,2,true,2852
14,k2_live,2,0,1,true,true,2,true,3189
15,k2_live,2,0,1,true,true,2,true,2994
16,k2_live,2,0,1,true,true,2,true,4813
17,k2_live,2,0,1,true,true,2,true,3579
18,k2_live,2,0,1,true,true,2,true,3654
19,k2_live,2,0,1,true,true,2,true,3549
20,k2_live,2,0,1,true,true,2,true,3526
21,k2_live,2,0,1,true,true,2,true,3313
22,k2_live,2,0,1,true,true,2,true,3540
23,k2_live,2,0,1,true,true,2,true,2926
24,k2_live,2,0,1,true,true,2,true,3255
25,k2_live,2,0,1,true,true,2,true,4402
26,k2_live,2,0,1,true,true,2,true,3585
27,k2_live,2,0,1,true,true,2,true,2725
28,k2_live,2,0,1,true,true,2,true,3066
29,k2_live,2,0,1,true,true,2,true,4170
30,k2_live,2,0,1,true,true,2,true,3510
31,k2_live,2,0,1,true,true,2,true,3473
32,k2_live,2,0,1,true,true,2,true,2730
33,k2_live,2,0,1,true,true,2,true,2969
34,k2_live,2,0,1,true,true,2,true,4258
35,k2_live,2,0,1,true,true,2,true,2878
36,k2_live,2,0,1,true,true,2,true,2982
37,k2_live,2,0,1,true,true,2,true,3736
38,k2_live,2,0,1,true,true,2,true,3075
39,k2_live,2,0,1,true,true,2,true,3205
40,k2_live,2,0,1,true,true,2,true,2932
41,k2_live,2,0,1,true,true,2,true,3865
42,k2_live,2,0,1,true,true,2,true,3459
43,k2_live,2,0,1,true,true,2,true,4329
44,k2_live,2,0,1,true,true,2,true,3316
45,k2_live,2,0,1,true,true,2,true,2933
46,k2_live,2,0,1,true,true,2,true,3956
47,k2_live,2,0,1,true,true,2,true,3568
48,k2_live,2,0,1,true,true,2,true,3452
49,k2_live,2,0,1,true,true,2,true,3435
50,k2_live,2,0,1,true,true,2,true,3710
51,k2_live,2,0,1,true,true,2,true,3048
52,k2_live,2,0,1,true,true,2,true,8286
53,k2_live,2,0,1,true,true,2,true,5084
54,k2_live,2,0,1,true,true,2,true,5114
55,k2_live,2,0,1,true,true,2,true,3768
56,k2_live,2,0,1,true,true,2,true,3586
57,k2_live,2,0,1,true,true,2,true,4336
58,k2_live,2,0,1,true,true,2,true,3915
59,k2_live,2,0,1,true,true,2,true,3567
60,k2_live,2,0,1,true,true,2,true,3300
61,k2_live,2,0,1,true,true,2,true,3040
62,k2_live,2,0,1,true,true,2,true,2849
63,k2_live,2,0,1,true,true,2,true,3033
64,k2_live,2,0,1,true,true,2,true,3626
65,k2_live,2,0,1,true,true,2,true,3741
66,k2_live,2,0,1,true,true,2,true,3355
67,k2_live,2,0,1,true,true,2,true,3611
68,k2_live,2,0,1,true,true,2,true,3705
69,k2_live,2,0,1,true,true,2,true,4889
70,k2_live,2,0,1,true,true,2,true,4431
71,k2_live,2,0,1,true,true,2,true,3760
72,k2_live,2,0,1,true,true,2,true,3138
73,k2_live,2,0,1,true,true,2,true,3245
74,k2_live,2,0,1,true,true,2,true,2726
75,k2_live,2,0,1,true,true,2,true,3454
76,k2_live,2,0,1,true,true,2,true,3484
77,k2_live,2,0,1,true,true,2,true,3792
78,k2_live,2,0,1,true,true,2,true,3159
79,k2_live,2,0,1,true,true,2,true,3753
80,k2_live,2,0,1,true,true,2,true,3124
81,k2_live,2,0,1,true,true,2,true,3182
82,k2_live,2,0,1,true,true,2,true,4199
83,k2_live,2,0,1,true,true,2,true,3420
84,k2_live,2,0,1,true,true,2,true,4146
85,k2_live,2,0,1,true,true,2,true,3583
86,k2_live,2,0,1,true,true,2,true,3478
87,k2_live,2,0,1,true,true,2,true,3659
88,k2_live,2,0,1,true,true,2,true,5464
89,k2_live,2,0,1,true,true,2,true,3835
90,k2_live,2,0,1,true,true,2,true,3379
91,k2_live,2,0,1,true,true,2,true,3214
92,k2_live,2,0,1,true,true,2,true,5226
93,k2_live,2,0,1,true,true,2,true,4949
94,k2_live,2,0,1,true,true,2,true,4002
95,k2_live,2,0,1,true,true,2,true,4695
96,k2_live,2,0,1,true,true,2,true,3378
97,k2_live,2,0,1,true,true,2,true,4815
98,k2_live,2,0,1,true,true,2,true,3013
99,k2_live,2,0,1,true,true,2,true,3162
100,k2_live,2,0,1,true,true,2,true,3418
101,k2_live,2,0,1,true,true,2,true,5410
102,k2_live,2,0,1,true,true,2,true,3897
103,k2_live,2,0,1,true,true,2,true,5687
104,k2_live,2,0,1,true,true,2,true,3892
105,k2_live,2,0,1,true,true,2,true,3931
106,k2_live,2,0,1,true,true,2,true,3942
107,k2_live,2,0,1,true,true,2,true,3588
108,k2_live,2,0,1,true,true,2,true,3558
109,k2_live,2,0,1,true,true,2,true,3630
110,k2_live,2,0,1,true,true,2,true,2697
111,k2_live,2,0,1,true,true,2,true,3175
112,k2_live,2,0,1,true,true,2,true,3549
113,k2_live,2,0,1,true,true,2,true,4115
114,k2_live,2,0,1,true,true,2,true,6419
115,k2_live,2,0,1,true,true,2,true,3926
116,k2_live,2,0,1,true,true,2,true,3375
117,k2_live,2,0,1,true,true,2,true,3484
118,k2_live,2,0,1,true,true,2,true,3194
119,k2_live,2,0,1,true,true,2,true,3143
120,k2_live,2,0,1,true,true,2,true,4299
121,k2_live,2,0,1,true,true,2,true,8220
122,k2_live,2,0,1,true,true,2,true,3068
123,k2_live,2,0,1,true,true,2,true,3334
124,k2_live,2,0,1,true,true,2,true,4543
125,k2_live,2,0,1,true,true,2,true,5159
126,k2_live,2,0,1,true,true,2,true,3163
127,k2_live,2,0,1,true,true,2,true,3858
128,k2_live,2,0,1,true,true,2,true,3366
129,k2_live,2,0,1,true,true,2,true,5014
130,k2_live,2,0,1,true,true,2,true,4864
131,k2_live,2,0,1,true,true,2,true,3737
132,k2_live,2,0,1,true,true,2,true,3431
133,k2_live,2,0,1,true,true,2,true,3410
134,k2_live,2,0,1,true,true,2,true,3476
135,k2_live,2,0,1,true,true,2,true,2910
136,k2_live,2,0,1,true,true,2,true,3052
137,k2_live,2,0,1,true,true,2,true,3618
138,k2_live,2,0,1,true,true,2,true,2889
139,k2_live,2,0,1,true,true,2,true,3685
140,k2_live,2,0,1,true,true,2,true,3335
141,k2_live,2,0,1,true,true,2,true,3295
142,k2_live,2,0,1,true,true,2,true,6405
143,k2_live,2,0,1,true,true,2,true,2757
144,k2_live,2,0,1,true,true,2,true,3111
145,k2_live,2,0,1,true,true,2,true,3055
146,k2_live,2,0,1,true,true,2,true,3067
147,k2_live,2,0,1,true,true,2,true,3174
148,k2_live,2,0,1,true,true,2,true,3895
149,k2_live,2,0,1,true,true,2,true,3687
150,k2_live,2,0,1,true,true,2,true,3194
151,k2_live,2,0,1,true,true,2,true,5119
152,k2_live,2,0,1,true,true,2,true,3183
153,k2_live,2,0,1,true,true,2,true,3543
154,k2_live,2,0,1,true,true,2,true,3803
155,k2_live,2,0,1,true,true,2,true,3586
156,k2_live,2,0,1,true,true,2,true,3313
157,k2_live,2,0,1,true,true,2,true,3195
158,k2_live,2,0,1,true,true,2,true,2839
159,k2_live,2,0,1,true,true,2,true,3276
160,k2_live,2,0,1,true,true,2,true,3493
161,k2_live,2,0,1,true,true,2,true,4135
162,k2_live,2,0,1,true,true,2,true,3585
163,k2_live,2,0,1,true,true,2,true,3515
164,k2_live,2,0,1,true,true,2,true,2912
165,k2_live,2,0,1,true,true,2,true,3204
166,k2_live,2,0,1,true,true,2,true,3990
167,k2_live,2,0,1,true,true,2,true,3866
168,k2_live,2,0,1,true,true,2,true,3540
169,k2_live,2,0,1,true,true,2,true,3465
170,k2_live,2,0,1,true,true,2,true,3062
171,k2_live,2,0,1,true,true,2,true,3322
172,k2_live,2,0,1,true,true,2,true,3925
173,k2_live,2,0,1,true,true,2,true,4371
174,k2_live,2,0,1,true,true,2,true,3856
175,k2_live,2,0,1,true,true,2,true,4300
176,k2_live,2,0,1,true,true,2,true,2998
177,k2_live,2,0,1,true,true,2,true,3059
178,k2_live,2,0,1,true,true,2,true,3230
179,k2_live,2,0,1,true,true,2,true,3440
180,k2_live,2,0,1,true,true,2,true,3104
181,k2_live,2,0,1,true,true,2,true,3082
182,k2_live,2,0,1,true,true,2,true,3146
183,k2_live,2,0,1,true,true,2,true,3501
184,k2_live,2,0,1,true,true,2,true,3711
185,k2_live,2,0,1,true,true,2,true,5890
186,k2_live,2,0,1,true,true,2,true,4154
187,k2_live,2,0,1,true,true,2,true,3987
188,k2_live,2,0,1,true,true,2,true,3673
189,k2_live,2,0,1,true,true,2,true,3082
190,k2_live,2,0,1,true,true,2,true,6745
191,k2_live,2,0,1,true,true,2,true,3205
192,k2_live,2,0,1,true,true,2,true,2941
193,k2_live,2,0,1,true,true,2,true,3205
194,k2_live,2,0,1,true,true,2,true,3009
195,k2_live,2,0,1,true,true,2,true,3232
196,k2_live,2,0,1,true,true,2,true,4885
197,k2_live,2,0,1,true,true,2,true,3260
198,k2_live,2,0,1,true,true,2,true,5585
199,k2_live,2,0,1,true,true,2,true,3513
200,k2_live,2,0,1,true,true,2,true,6876
201,k2_live,2,0,1,true,true,2,true,3032
202,k2_live,2,0,1,true,true,2,true,3842
203,k2_live,2,0,1,true,true,2,true,2966
204,k2_live,2,0,1,true,true,2,true,3194
205,k2_live,2,0,1,true,true,2,true,4438
206,k2_live,2,0,1,true,true,2,true,3142
207,k2_live,2,0,1,true,true,2,true,3051
208,k2_live,2,0,1,true,true,2,true,4131
209,k2_live,2,0,1,true,true,2,true,4201
210,k2_live,2,0,1,true,true,2,true,3828
211,k2_live,2,0,1,true,true,2,true,4090
212,k2_live,2,0,1,true,true,2,true,3194
213,k2_live,2,0,1,true,true,2,true,3489
214,k2_live,2,0,1,true,true,2,true,4265
215,k2_live,2,0,1,true,true,2,true,2868
216,k2_live,2,0,1,true,true,2,true,3375
217,k2_live,2,0,1,true,true,2,true,4445
218,k2_live,2,0,1,true,true,2,true,3130
219,k2_live,2,0,1,true,true,2,true,3364
220,k2_live,2,0,1,true,true,2,true,4108
221,k2_live,2,0,1,true,true,2,true,4142
222,k2_live,2,0,1,true,true,2,true,3664
223,k2_live,2,0,1,true,true,2,true,5454
224,k2_live,2,0,1,true,true,2,true,3710
225,k2_live,2,0,1,true,true,2,true,5067
226,k2_live,2,0,1,true,true,2,true,4598
227,k2_live,2,0,1,true,true,2,true,3764
228,k2_live,2,0,1,true,true,2,true,4811
229,k2_live,2,0,1,true,true,2,true,3498
230,k2_live,2,0,1,true,true,2,true,4385
231,k2_live,2,0,1,true,true,2,true,4100
232,k2_live,2,0,1,true,true,2,true,3960
233,k2_live,2,0,1,true,true,2,true,3417
234,k2_live,2,0,1,true,true,2,true,3527
235,k2_live,2,0,1,true,true,2,true,4458
236,k2_live,2,0,1,true,true,2,true,3263
237,k2_live,2,0,1,true,true,2,true,3503
238,k2_live,2,0,1,true,true,2,true,5363
239,k2_live,2,0,1,true,true,2,true,2945
0,k3_live,3,0,1,true,true,3,true,6639
1,k3_live,3,0,1,true,true,3,true,8236
2,k3_live,3,0,1,true,true,3,true,4265
3,k3_live,3,0,1,true,true,3,true,10556
4,k3_live,3,0,1,true,true,3,true,5457
5,k3_live,3,0,1,true,true,3,true,8109
6,k3_live,3,0,1,true,false,3,true,8738
7,k3_live,3,0,1,true,true,3,true,6682
8,k3_live,3,0,1,true,true,3,true,5522
9,k3_live,3,0,1,true,true,3,true,6325
10,k3_live,3,0,1,true,true,3,true,6705
11,k3_live,3,0,1,true,true,3,true,5017
12,k3_live,3,0,1,true,true,3,true,6035
13,k3_live,3,0,1,true,true,3,true,5566
14,k3_live,3,0,1,true,true,3,true,4398
15,k3_live,3,0,1,true,true,3,true,4812
16,k3_live,3,0,1,true,true,3,true,5809
17,k3_live,3,0,1,true,true,3,true,5765
18,k3_live,3,0,1,true,true,3,true,5049
19,k3_live,3,0,1,true,true,3,true,5755
20,k3_live,3,0,1,true,true,3,true,5190
21,k3_live,3,0,1,true,true,3,true,5783
22,k3_live,3,0,1,true,true,3,true,6741
23,k3_live,3,0,1,true,true,3,true,6404
24,k3_live,3,0,1,true,true,3,true,5456
25,k3_live,3,0,1,true,true,3,true,7156
26,k3_live,3,0,1,true,true,3,true,4914
27,k3_live,3,0,1,true,true,3,true,4974
28,k3_live,3,0,1,true,true,3,true,6403
29,k3_live,3,0,1,true,true,3,true,6003
30,k3_live,3,0,1,true,true,3,true,5315
31,k3_live,3,0,1,true,true,3,true,5773
32,k3_live,3,0,1,true,true,3,true,4941
33,k3_live,3,0,1,true,true,3,true,5760
34,k3_live,3,0,1,true,true,3,true,5839
35,k3_live,3,0,1,true,true,3,true,6347
36,k3_live,3,0,1,true,true,3,true,5502
37,k3_live,3,0,1,true,true,3,true,5961
38,k3_live,3,0,1,true,true,3,true,4950
39,k3_live,3,0,1,true,true,3,true,4740
40,k3_live,3,0,1,true,true,3,true,5885
41,k3_live,3,0,1,true,true,3,true,6861
42,k3_live,3,0,1,true,true,3,true,6331
43,k3_live,3,0,1,true,true,3,true,7656
44,k3_live,3,0,1,true,true,3,true,6885
45,k3_live,3,0,1,true,true,3,true,7635
46,k3_live,3,0,1,true,true,3,true,5653
47,k3_live,3,0,1,true,true,3,true,6847
48,k3_live,3,0,1,true,true,3,true,4546
49,k3_live,3,0,1,true,true,3,true,5198
50,k3_live,3,0,1,true,true,3,true,4442
51,k3_live,3,0,1,true,true,3,true,5250
52,k3_live,3,0,1,true,true,3,true,5432
53,k3_live,3,0,1,true,true,3,true,5349
54,k3_live,3,0,1,true,true,3,true,5916
55,k3_live,3,0,1,true,true,3,true,6817
56,k3_live,3,0,1,true,true,3,true,9252
57,k3_live,3,0,1,true,true,3,true,6063
58,k3_live,3,0,1,true,true,3,true,9488
59,k3_live,3,0,1,true,true,3,true,5065
60,k3_live,3,0,1,true,true,3,true,6373
61,k3_live,3,0,1,true,true,3,true,5051
62,k3_live,3,0,1,true,true,3,true,4388
63,k3_live,3,0,1,true,true,3,true,4458
64,k3_live,3,0,1,true,true,3,true,5291
65,k3_live,3,0,1,true,true,3,true,7420
66,k3_live,3,0,1,true,true,3,true,6007
67,k3_live,3,0,1,true,true,3,true,6868
68,k3_live,3,0,1,true,true,3,true,19389
69,k3_live,3,0,1,true,true,3,true,6100
70,k3_live,3,0,1,true,true,3,true,6236
71,k3_live,3,0,1,true,true,3,true,5399
72,k3_live,3,0,1,true,true,3,true,4176
73,k3_live,3,0,1,true,true,3,true,5328
74,k3_live,3,0,1,true,true,3,true,4653
75,k3_live,3,0,1,true,true,3,true,4970
76,k3_live,3,0,1,true,true,3,true,5080
77,k3_live,3,0,1,true,true,3,true,5451
78,k3_live,3,0,1,true,true,3,true,5179
79,k3_live,3,0,1,true,true,3,true,5619
80,k3_live,3,0,1,true,true,3,true,6111
81,k3_live,3,0,1,true,true,3,true,5505
82,k3_live,3,0,1,true,true,3,true,5698
83,k3_live,3,0,1,true,true,3,true,5984
84,k3_live,3,0,1,true,true,3,true,5084
85,k3_live,3,0,1,true,true,3,true,4830
86,k3_live,3,0,1,true,true,3,true,4928
87,k3_live,3,0,1,true,true,3,true,5564
88,k3_live,3,0,1,true,true,3,true,5773
89,k3_live,3,0,1,true,true,3,true,5946
90,k3_live,3,0,1,true,true,3,true,5553
91,k3_live,3,0,1,true,true,3,true,5553
92,k3_live,3,0,1,true,true,3,true,4995
93,k3_live,3,0,1,true,true,3,true,5835
94,k3_live,3,0,1,true,true,3,true,5778
95,k3_live,3,0,1,true,true,3,true,4392
96,k3_live,3,0,1,true,true,3,true,4711
97,k3_live,3,0,1,true,true,3,true,4872
98,k3_live,3,0,1,true,true,3,true,5669
99,k3_live,3,0,1,true,true,3,true,5229
100,k3_live,3,0,1,true,true,3,true,6552
101,k3_live,3,0,1,true,true,3,true,9191
102,k3_live,3,0,1,true,true,3,true,5629
103,k3_live,3,0,1,true,true,3,true,5106
104,k3_live,3,0,1,true,true,3,true,5969
105,k3_live,3,0,1,true,true,3,true,4649
106,k3_live,3,0,1,true,true,3,true,6888
107,k3_live,3,0,1,true,true,3,true,4769
108,k3_live,3,0,1,true,true,3,true,4692
109,k3_live,3,0,1,true,true,3,true,4647
110,k3_live,3,0,1,true,true,3,true,4159
111,k3_live,3,0,1,true,true,3,true,4678
112,k3_live,3,0,1,true,true,3,true,5177
113,k3_live,3,0,1,true,true,3,true,6273
114,k3_live,3,0,1,true,true,3,true,8487
115,k3_live,3,0,1,true,true,3,true,5710
116,k3_live,3,0,1,true,true,3,true,5356
117,k3_live,3,0,1,true,true,3,true,5464
118,k3_live,3,0,1,true,true,3,true,5705
119,k3_live,3,0,1,true,true,3,true,4487
120,k3_live,3,0,1,true,true,3,true,4358
121,k3_live,3,0,1,true,true,3,true,5036
122,k3_live,3,0,1,true,true,3,true,4534
123,k3_live,3,0,1,true,true,3,true,4540
124,k3_live,3,0,1,true,true,3,true,5622
125,k3_live,3,0,1,true,true,3,true,6143
126,k3_live,3,0,1,true,true,3,true,5198
127,k3_live,3,0,1,true,true,3,true,5006
128,k3_live,3,0,1,true,true,3,true,4967
129,k3_live,3,0,1,true,true,3,true,5272
130,k3_live,3,0,1,true,true,3,true,6318
131,k3_live,3,0,1,true,true,3,true,5704
132,k3_live,3,0,1,true,true,3,true,4597
133,k3_live,3,0,1,true,true,3,true,5197
134,k3_live,3,0,1,true,true,3,true,4464
135,k3_live,3,0,1,true,true,3,true,4897
136,k3_live,3,0,1,true,true,3,true,4926
137,k3_live,3,0,1,true,true,3,true,6909
138,k3_live,3,0,1,true,true,3,true,5052
139,k3_live,3,0,1,true,true,3,true,5512
140,k3_live,3,0,1,true,true,3,true,5064
141,k3_live,3,0,1,true,true,3,true,4807
142,k3_live,3,0,1,true,true,3,true,6262
143,k3_live,3,0,1,true,true,3,true,5420
144,k3_live,3,0,1,true,true,3,true,4654
145,k3_live,3,0,1,true,true,3,true,5116
146,k3_live,3,0,1,true,true,3,true,4498
147,k3_live,3,0,1,true,true,3,true,4755
148,k3_live,3,0,1,true,true,3,true,6272
149,k3_live,3,0,1,true,true,3,true,6813
150,k3_live,3,0,1,true,true,3,true,5993
151,k3_live,3,0,1,true,true,3,true,5937
152,k3_live,3,0,1,true,true,3,true,4968
153,k3_live,3,0,1,true,true,3,true,4948
154,k3_live,3,0,1,true,true,3,true,5229
155,k3_live,3,0,1,true,true,3,true,5536
156,k3_live,3,0,1,true,true,3,true,4397
157,k3_live,3,0,1,true,true,3,true,5106
158,k3_live,3,0,1,true,true,3,true,4708
159,k3_live,3,0,1,true,true,3,true,4180
160,k3_live,3,0,1,true,true,3,true,6108
161,k3_live,3,0,1,true,true,3,true,5346
162,k3_live,3,0,1,true,true,3,true,4918
163,k3_live,3,0,1,true,true,3,true,6289
164,k3_live,3,0,1,true,true,3,true,4453
165,k3_live,3,0,1,true,true,3,true,4346
166,k3_live,3,0,1,true,true,3,true,5356
167,k3_live,3,0,1,true,true,3,true,4241
168,k3_live,3,0,1,true,true,3,true,4980
169,k3_live,3,0,1,true,true,3,true,5271
170,k3_live,3,0,1,true,true,3,true,4793
171,k3_live,3,0,1,true,true,3,true,4608
172,k3_live,3,0,1,true,true,3,true,5219
173,k3_live,3,0,1,true,true,3,true,6095
174,k3_live,3,0,1,true,true,3,true,5310
175,k3_live,3,0,1,true,true,3,true,5535
176,k3_live,3,0,1,true,true,3,true,4647
177,k3_live,3,0,1,true,true,3,true,5376
178,k3_live,3,0,1,true,true,3,true,5526
179,k3_live,3,0,1,true,true,3,true,6564
180,k3_live,3,0,1,true,true,3,true,4477
181,k3_live,3,0,1,true,true,3,true,5446
182,k3_live,3,0,1,true,true,3,true,5113
183,k3_live,3,0,1,true,true,3,true,6137
184,k3_live,3,0,1,true,true,3,true,6750
185,k3_live,3,0,1,true,true,3,true,5547
186,k3_live,3,0,1,true,true,3,true,7374
187,k3_live,3,0,1,true,true,3,true,5470
188,k3_live,3,0,1,true,true,3,true,5029
189,k3_live,3,0,1,true,true,3,true,6724
190,k3_live,3,0,1,true,true,3,true,5646
191,k3_live,3,0,1,true,true,3,true,4813
192,k3_live,3,0,1,true,true,3,true,5412
193,k3_live,3,0,1,true,true,3,true,5164
194,k3_live,3,0,1,true,true,3,true,6154
195,k3_live,3,0,1,true,true,3,true,5059
196,k3_live,3,0,1,true,true,3,true,6076
197,k3_live,3,0,1,true,true,3,true,5745
198,k3_live,3,0,1,true,true,3,true,5765
199,k3_live,3,0,1,true,true,3,true,6103
200,k3_live,3,0,1,true,true,3,true,5747
201,k3_live,3,0,1,true,true,3,true,5350
202,k3_live,3,0,1,true,true,3,true,7385
203,k3_live,3,0,1,true,true,3,true,4746
204,k3_live,3,0,1,true,true,3,true,5221
205,k3_live,3,0,1,true,true,3,true,5239
206,k3_live,3,0,1,true,true,3,true,4646
207,k3_live,3,0,1,true,true,3,true,5222
208,k3_live,3,0,1,true,true,3,true,6210
209,k3_live,3,0,1,true,true,3,true,5577
210,k3_live,3,0,1,true,true,3,true,5169
211,k3_live,3,0,1,true,true,3,true,6141
212,k3_live,3,0,1,true,true,3,true,6382
213,k3_live,3,0,1,true,true,3,true,5421
214,k3_live,3,0,1,true,true,3,true,6210
215,k3_live,3,0,1,true,true,3,true,5062
216,k3_live,3,0,1,true,true,3,true,4867
217,k3_live,3,0,1,true,true,3,true,6135
218,k3_live,3,0,1,true,true,3,true,4242
219,k3_live,3,0,1,true,true,3,true,4592
220,k3_live,3,0,1,true,true,3,true,7089
221,k3_live,3,0,1,true,true,3,true,5510
222,k3_live,3,0,1,true,true,3,true,5207
223,k3_live,3,0,1,true,true,3,true,5982
224,k3_live,3,0,1,true,true,3,true,5388
225,k3_live,3,0,1,true,true,3,true,6314
226,k3_live,3,0,1,true,true,3,true,6989
227,k3_live,3,0,1,true,true,3,true,4682
228,k3_live,3,0,1,true,true,3,true,4488
229,k3_live,3,0,1,true,true,3,true,4546
230,k3_live,3,0,1,true,true,3,true,5232
231,k3_live,3,0,1,true,true,3,true,5464
232,k3_live,3,0,1,true,true,3,true,5561
233,k3_live,3,0,1,true,true,3,true,5017
234,k3_live,3,0,1,true,true,3,true,6337
235,k3_live,3,0,1,true,true,3,true,5839
236,k3_live,3,0,1,true,true,3,true,4756
237,k3_live,3,0,1,true,true,3,true,4189
238,k3_live,3,0,1,true,true,3,true,5674
239,k3_live,3,0,1,true,true,3,true,7842
